Probe_ID,median
cg00075967,0.849
cg00091693,0.849
cg00168942,0.652
cg00374717,0.95
cg00431549,0.293
cg00436603,0.8
cg00481951,0.208
cg00486113,0.364
cg00748589,0.248
cg00864867,0.054
cg00945507,0.526
cg01027739,0.098
cg01027805,0.1
cg01234063,0.061
cg01262913,0.074
cg01353448,0.622
cg01407797,0.083
cg01459453,0.798
cg01485645,0.167
cg01511567,0.221
cg01528542,0.759
cg01560871,0.787
cg01570885,0.491
cg01584473,0.864
cg01644850,0.045
cg01656216,0.911
cg01820374,0.347
cg01873645,0.043
cg01968178,0.123
cg02046143,0.312
cg02047577,0.017
cg02071305,0.328
cg02085507,0.565
cg02085953,0.413
cg02154074,0.149
cg02217159,0.139
cg02275294,0.134
cg02331561,0.016
cg02332492,0.884
cg02335441,0.057
cg02364642,0.304
cg02388150,0.244
cg02479575,0.027
cg02489552,0.634
cg02580606,0.934
cg02650266,0.066
cg02654291,0.474
cg02827112,0.081
cg02867102,0.152
cg02972551,0.051
cg03019000,0.81
cg03032497,0.22
cg03103192,0.499
cg03167275,0.113
cg03270204,0.914
cg03286783,0.08
cg03330058,0.348
cg03399905,0.1
cg03473532,0.886
cg03565323,0.137
cg03578041,0.327
cg03588357,0.079
cg03607117,0.079
cg03682823,0.539
cg03760483,0.489
cg03891319,0.097
cg03947362,0.047
cg04005032,0.069
cg04084157,0.157
cg04094160,0.045
cg04121983,0.109
cg04126866,0.849
cg04268405,0.964
cg04400972,0.084
cg04416734,0.18
cg04431054,0.285
cg04452713,0.121
cg04474832,0.312
cg04528819,0.152
cg04836038,0.106
cg04875128,0.122
cg04940570,0.061
cg04999691,0.771
cg05250458,0.287
cg05294243,0.277
cg05365729,0.349
cg05442902,0.306
cg05590257,0.083
cg05675373,0.112
cg05755779,0.921
cg05847778,0.036
cg05903609,0.143
cg05921699,0.905
cg05960024,0.964
cg06044899,0.568
cg06117855,0.185
cg06121469,0.038
cg06144905,0.254
cg06361108,0.045
cg06419846,0.941
cg06462291,0.076
cg06493994,0.21
cg06513075,0.045
cg06557358,0.085
cg06639320,0.43
cg06685111,0.432
cg06688848,0.046
cg06738602,0.162
cg06810647,0.223
cg06836772,0.189
cg06874016,0.354
cg06926735,0.037
cg06952310,0.743
cg06993413,0.095
cg07082267,0.482
cg07158339,0.43
cg07285276,0.845
cg07291563,0.045
cg07337598,0.838
cg07388493,0.517
cg07408456,0.403
cg07455279,0.216
cg07498421,0.119
cg07547549,0.381
cg07553761,0.212
cg07583137,0.819
cg07595943,0.987
cg07663789,0.064
cg07730301,0.442
cg07770222,0.755
cg07849904,0.069
cg07927379,0.022
cg07955995,0.027
cg08030082,0.536
cg08090772,0.143
cg08097417,0.155
cg08124722,0.947
cg08186124,0.035
cg08234504,0.326
cg08251036,0.954
cg08331960,0.4
cg08370996,0.118
cg08413469,0.061
cg08415592,0.274
cg08434234,0.096
cg08540945,0.112
cg08771731,0.041
cg08965235,0.229
cg09019938,0.088
cg09118625,0.636
cg09133026,0.845
cg09191327,0.059
cg09418283,0.02
cg09441152,0.055
cg09509673,0.934
cg09646392,0.457
cg09651136,0.804
cg09722397,0.097
cg09722555,0.914
cg09785172,0.059
cg09809672,0.54
cg09869858,0.963
cg09885951,0.049
cg10045881,0.647
cg10266490,0.301
cg10281002,0.145
cg10345936,0.873
cg10376763,0.955
cg10377274,0.946
cg10486998,0.128
cg10501210,0.837
cg10523019,0.156
cg10865119,0.172
cg10920957,0.066
cg10940099,0.029
cg11025793,0.183
cg11067179,0.896
cg11299964,0.322
cg11314684,0.436
cg11388238,0.056
cg11653266,0.042
cg11932564,0.024
cg12351433,0.29
cg12373771,0.153
cg12413566,0.92
cg12616277,0.088
cg12768605,0.222
cg12830694,0.948
cg12941369,0.392
cg12946225,0.144
cg12985418,0.049
cg13001142,0.868
cg13038560,0.948
cg13129046,0.203
cg13216057,0.071
cg13269407,0.175
cg13302154,0.525
cg13319175,0.942
cg13460409,0.298
cg13547237,0.333
cg13682722,0.071
cg13828047,0.418
cg13836627,0.099
cg13854874,0.194
cg13899108,0.498
cg13931228,0.111
cg13975369,0.319
cg14060828,0.173
cg14163776,0.253
cg14175438,0.218
cg14258236,0.95
cg14308452,0.905
cg14329157,0.212
cg14361627,0.166
cg14408969,0.06
cg14409958,0.088
cg14423778,0.418
cg14424579,0.034
cg14501253,0.084
cg14556683,0.238
cg14597908,0.524
cg14654875,0.516
cg14658362,0.049
cg14692377,0.108
cg14723032,0.836
cg14727952,0.078
cg14894144,0.406
cg14992253,0.152
cg15185286,0.041
cg15262928,0.052
cg15341340,0.07
cg15381769,0.064
cg15547534,0.053
cg15661409,0.936
cg15703512,0.072
cg15804973,0.437
cg15974053,0.06
cg15988232,0.508
cg16034652,0.627
cg16054275,0.475
cg16150435,0.856
cg16168311,0.196
cg16241714,0.016
cg16358826,0.156
cg16408394,0.051
cg16419235,0.125
cg16419345,0.045
cg16494477,0.099
cg16547529,0.58
cg16579101,0.08
cg16744741,0.431
cg16867657,0.599
cg16899442,0.227
cg16984944,0.214
cg17063929,0.208
cg17099569,0.87
cg17274064,0.234
cg17285325,0.031
cg17324128,0.204
cg17338403,0.181
cg17408647,0.047
cg17589341,0.504
cg17655614,0.348
cg17686885,0.161
cg17729667,0.155
cg17853587,0.103
cg17960516,0.084
cg18031008,0.049
cg18055007,0.106
cg18139769,0.552
cg18180783,0.957
cg18328933,0.706
cg18440048,0.189
cg18473521,0.542
cg18573383,0.101
cg18956095,0.097
cg18983672,0.943
cg18984151,0.277
cg19008809,0.054
cg19044674,0.092
cg19046959,0.096
cg19167673,0.132
cg19273182,0.088
cg19283806,0.287
cg19305227,0.946
cg19346193,0.922
cg19420968,0.935
cg19478743,0.08
cg19514928,0.11
cg19569684,0.873
cg19692710,0.915
cg19706682,0.16
cg19722847,0.181
cg19724470,0.275
cg19761273,0.288
cg19853760,0.57
cg19935065,0.573
cg19945840,0.473
cg20052760,0.288
cg20100381,0.098
cg20240860,0.27
cg20295671,0.015
cg20305610,0.053
cg20426994,0.069
cg20524216,0.054
cg20692569,0.45
cg20761322,0.127
cg20795863,0.959
cg20822990,0.361
cg20828084,0.916
cg20914508,0.156
cg20947775,0.068
cg20999813,0.047
cg21096399,0.204
cg21139312,0.918
cg21211748,0.078
cg21296230,0.188
cg21305265,0.042
cg21370143,0.886
cg21378206,0.946
cg21395782,0.068
cg21460081,0.044
cg21801378,0.044
cg21870884,0.305
cg21950518,0.108
cg22006386,0.048
cg22016779,0.242
cg22158769,0.022
cg22171829,0.393
cg22190114,0.943
cg22197830,0.743
cg22213242,0.836
cg22285878,0.028
cg22289837,0.36
cg22432269,0.044
cg22449114,0.386
cg22454769,0.483
cg22512670,0.65
cg22568540,0.906
cg22613010,0.099
cg22637507,0.067
cg22679120,0.73
cg22736354,0.266
cg22796704,0.663
cg22809047,0.733
cg22901840,0.634
cg22920873,0.012
cg22947000,0.481
cg23091758,0.044
cg23092072,0.044
cg23124451,0.548
cg23180365,0.019
cg23500537,0.429
cg23517605,0.203
cg23606718,0.107
cg23662675,0.031
cg23744638,0.783
cg23786576,0.061
cg23941599,0.146
cg24058132,0.529
cg24079702,0.288
cg24081819,0.116
cg24116886,0.932
cg24126851,0.826
cg24254120,0.047
cg24262469,0.352
cg24450312,0.039
cg24471894,0.215
cg24580001,0.927
cg24834740,0.045
cg24888049,0.64
cg24899750,0.676
cg25070637,0.071
cg25101936,0.649
cg25148589,0.214
cg25159610,0.038
cg25166896,0.056
cg25410668,0.563
cg25411725,0.902
cg25428494,0.386
cg25478614,0.367
cg25505610,0.037
cg25552492,0.139
cg25564800,0.25
cg25657834,0.127
cg25683012,0.039
cg25771195,0.545
cg25781123,0.05
cg25809905,0.651
cg25928579,0.091
cg26003813,0.111
cg26005082,0.067
cg26043391,0.066
cg26045434,0.127
cg26162695,0.019
cg26297688,0.053
cg26372517,0.312
cg26394940,0.14
cg26453588,0.523
cg26456957,0.051
cg26614073,0.523
cg26620959,0.083
cg26723847,0.11
cg26824091,0.079
cg26842024,0.13
cg26845300,0.059
cg27015931,0.155
cg27016307,0.467
cg27092035,0.07
cg27169020,0.409
cg27202708,0.398
cg27319898,0.07
cg27377450,0.913
cg27413543,0.083
cg27494383,0.049
cg27544190,0.131
ch.13.39564907R,0.08
ch.2.30415474F,0.082
